filename,label
dataset_raw/WhatsApp Image 2026-10-03 at 13.25.31 (1).jpeg,korban
dataset_raw/WhatsApp Image 2026-10-03 at 13.25.31.jpeg,korban
dataset_raw/WhatsApp Image 2026-10-03 at 13.25.32 (1).jpeg,korban
dataset_raw/WhatsApp Image 2026-10-03 at 13.25.32.jpeg,korban
dataset_raw/WhatsApp Image 2026-10-03 at 13.25.33 (1).jpeg,korban
dataset_raw/WhatsApp Image 2026-10-03 at 13.25.33.jpeg,korban
dataset_raw/WhatsApp Image 2026-10-03 at 13.25.34 (1).jpeg,korban
dataset_raw/WhatsApp Image 2026-10-03 at 13.25.34.jpeg,korban
dataset_raw/WhatsApp Image 2026-10-03 at 13.25.35.jpeg,korban
dataset_raw/WhatsApp Image 2026-10-03 at 13.25.36 (1).jpeg,korban
dataset_raw/WhatsApp Image 2026-10-03 at 13.25.36.jpeg,korban
dataset_raw/WhatsApp Image 2026-10-03 at 13.25.37.jpeg,korban
dataset_raw/WhatsApp Image 2026-10-03 at 13.25.38 (1).jpeg,korban
dataset_raw/WhatsApp Image 2026-10-03 at 13.25.38.jpeg,korban
dataset_raw/WhatsApp Image 2026-10-03 at 13.25.39 (1).jpeg,korban
dataset_raw/WhatsApp Image 2026-10-03 at 13.25.39 (2).jpeg,korban
dataset_raw/WhatsApp Image 2026-10-03 at 13.25.39.jpeg,korban
dataset_raw/WhatsApp Image 2026-10-03 at 13.25.40.jpeg,korban
dataset_raw/WhatsApp Image 2026-10-03 at 13.25.41.jpeg,korban
dataset_raw/WhatsApp Image 2026-10-03 at 13.25.43 (1).jpeg,korban
dataset_raw/WhatsApp Image 2026-10-03 at 13.25.43 (2).jpeg,korban
dataset_raw/WhatsApp Image 2026-10-03 at 13.25.43.jpeg,korban
dataset_raw/WhatsApp Image 2026-10-03 at 13.25.44 (1).jpeg,korban
dataset_raw/WhatsApp Image 2026-10-03 at 13.25.44 (2).jpeg,korban
dataset_raw/WhatsApp Image 2026-10-03 at 13.25.44.jpeg,korban
dataset_raw/WhatsApp Image 2026-10-03 at 13.25.45 (1).jpeg,korban
dataset_raw/WhatsApp Image 2026-10-03 at 13.25.45.jpeg,korban
dataset_raw/WhatsApp Image 2026-10-03 at 13.25.46 (1).jpeg,korban
dataset_raw/WhatsApp Image 2026-10-03 at 13.25.46.jpeg,korban
dataset_raw/WhatsApp Image 2026-10-03 at 13.25.47 (1).jpeg,korban
dataset_raw/WhatsApp Image 2026-10-03 at 13.25.47 (2).jpeg,korban
dataset_raw/WhatsApp Image 2026-10-03 at 13.25.47.jpeg,korban
dataset_raw/WhatsApp Image 2026-10-03 at 13.25.48.jpeg,korban
dataset_raw/WhatsApp Image 2026-10-03 at 13.25.49.jpeg,korban
dataset_raw/WhatsApp Image 2026-10-03 at 13.25.50 (1).jpeg,korban
dataset_raw/WhatsApp Image 2026-10-03 at 13.25.50.jpeg,korban
dataset_raw/WhatsApp Image 2026-10-03 at 13.25.51 (1).jpeg,korban
dataset_raw/WhatsApp Image 2026-10-03 at 13.25.51.jpeg,korban
dataset_raw/WhatsApp Image 2026-10-03 at 13.25.52 (1).jpeg,korban
dataset_raw/WhatsApp Image 2026-10-03 at 13.25.52.jpeg,korban
dataset_raw/WhatsApp Image 2026-10-03 at 13.25.53 (1).jpeg,korban
dataset_raw/WhatsApp Image 2026-10-03 at 13.25.53.jpeg,korban
dataset_raw/WhatsApp Image 2026-10-03 at 13.25.54.jpeg,korban
dataset_raw/WhatsApp Image 2026-10-03 at 13.25.55 (1).jpeg,korban
dataset_raw/WhatsApp Image 2026-10-03 at 13.25.55.jpeg,korban
dataset_raw/WhatsApp Image 2026-10-03 at 13.25.56 (1).jpeg,korban
dataset_raw/WhatsApp Image 2026-10-03 at 13.25.56.jpeg,korban
dataset_raw/WhatsApp Image 2026-10-03 at 13.25.57 (1).jpeg,korban
dataset_raw/WhatsApp Image 2026-10-03 at 13.25.57.jpeg,korban
dataset_raw/WhatsApp Image 2026-10-03 at 13.25.58 (1).jpeg,korban
dataset_raw/WhatsApp Image 2026-10-03 at 13.25.58.jpeg,korban
dataset_raw/WhatsApp Image 2026-10-03 at 13.25.59.jpeg,korban
dataset_raw/WhatsApp Image 2026-10-03 at 13.26.00 (1).jpeg,korban
dataset_raw/WhatsApp Image 2026-10-03 at 13.26.00.jpeg,korban
dataset_raw/WhatsApp Image 2026-10-03 at 13.26.01 (1).jpeg,korban
dataset_raw/WhatsApp Image 2026-10-03 at 13.26.01.jpeg,korban
dataset_raw/WhatsApp Image 2026-10-03 at 13.26.02 (1).jpeg,korban
dataset_raw/WhatsApp Image 2026-10-03 at 13.26.02.jpeg,korban
dataset_raw/WhatsApp Image 2026-10-03 at 13.26.03 (1).jpeg,korban
dataset_raw/WhatsApp Image 2026-10-03 at 13.26.03 (2).jpeg,korban
dataset_raw/WhatsApp Image 2026-10-03 at 13.26.03.jpeg,korban
dataset_raw/WhatsApp Image 2026-10-03 at 13.26.04.jpeg,korban
dataset_raw/WhatsApp Image 2026-10-03 at 13.26.05 (1).jpeg,korban
dataset_raw/WhatsApp Image 2026-10-03 at 13.26.05.jpeg,korban
dataset_raw/WhatsApp Image 2026-10-03 at 13.26.06 (1).jpeg,korban
dataset_raw/WhatsApp Image 2026-10-03 at 13.26.06.jpeg,korban
dataset_raw/WhatsApp Image 2026-10-03 at 13.26.07 (1).jpeg,korban
dataset_raw/WhatsApp Image 2026-10-03 at 13.26.07 (2).jpeg,korban
dataset_raw/WhatsApp Image 2026-10-03 at 13.26.07.jpeg,korban
dataset_raw/WhatsApp Image 2026-10-03 at 13.26.08.jpeg,korban
dataset_raw/WhatsApp Image 2026-10-03 at 13.26.09 (1).jpeg,korban
dataset_raw/WhatsApp Image 2026-10-03 at 13.26.09.jpeg,korban
dataset_raw/WhatsApp Image 2026-10-03 at 13.26.10 (1).jpeg,korban
dataset_raw/WhatsApp Image 2026-10-03 at 13.26.10 (2).jpeg,korban
dataset_raw/WhatsApp Image 2026-10-03 at 13.26.10.jpeg,korban
